{
  "IcoMoonType": "selection",
  "icons": [
    {
      "icon": {
        "paths": [
          "M204.8 143.36c-78.924 0-143.36 64.436-143.36 143.36s64.436 143.36 143.36 143.36c78.924 0 143.36-64.436 143.36-143.36s-64.436-143.36-143.36-143.36zM737.28 143.36v40.96h158.52l-159.24 175.12-81.2-81.2-225.28 225.28-81.36-81.36-280.68 259.12 27.76 30.080 251.8-232.4 82.48 82.48 225.28-225.28 82.64 82.64 183.6-202v151.84h40.96v-225.28h-225.28zM204.8 184.32c56.777 0 102.4 45.623 102.4 102.4s-45.623 102.4-102.4 102.4c-56.777 0-102.4-45.623-102.4-102.4s45.623-102.4 102.4-102.4zM194.36 231.080l-37.080 37.080h28.96v74.2h37.12v-111.28h-29zM798.72 409.6v491.52h40.96v-491.52h-40.96zM921.6 450.56v450.56h40.96v-450.56h-40.96zM552.96 512v389.12h40.96v-389.12h-40.96zM675.84 512v389.12h40.96v-389.12h-40.96zM307.2 614.4v286.72h40.96v-286.72h-40.96zM430.080 634.88v266.24h40.96v-266.24h-40.96zM184.32 716.8v184.32h40.96v-184.32h-40.96zM61.44 798.72v102.4h40.96v-102.4h-40.96z"
        ],
        "attrs": [
          {}
        ],
        "isMulticolor": false,
        "isMulticolor2": false,
        "grid": 0,
        "tags": [
          "stats"
        ],
        "colorPermutations": {
          "181126212211595122922922912551937125522413012552552551571429516975841941921431": [
            {}
          ]
        }
      },
      "attrs": [
        {}
      ],
      "properties": {
        "order": 16,
        "id": 7,
        "name": "stats",
        "prevSize": 64,
        "code": 59648
      },
      "setIdx": 0,
      "setId": 2,
      "iconIdx": 0
    },
    {
      "icon": {
        "paths": [
          "M832 752h-640c-44 0-80-36-80-80v-320c0-44 36-80 80-80h640c44 0 80 36 80 80v320c0 44-36 80-80 80z",
          "M512 272h-320c-44 0-80 36-80 80v320c0 44 36 80 80 80h320v-480z",
          "M323.2 591.2c-11.2-1.6-19.2-12.8-19.2-24v-47.2h-15.2c-12 0-22.4-8-24.8-19.2-2.4-15.2 8.8-28.8 24-28.8h0.8c8 0 15.2-6.4 15.2-15.2v0c0-12 8-22.4 19.2-24.8 15.2-3.2 28.8 8.8 28.8 23.2v112c0 16-13.6 27.2-28.8 24z",
          "M512 752v-480",
          "M832 752h-640c-44 0-80-36-80-80v-320c0-44 36-80 80-80h640c44 0 80 36 80 80v320c0 44-36 80-80 80z",
          "M720 568v0c-22.4 0-40-17.6-40-40v-32c0-22.4 17.6-40 40-40v0c22.4 0 40 17.6 40 40v32c0 22.4-17.6 40-40 40z",
          "M272 192v0",
          "M752 192v0"
        ],
        "attrs": [
          {
            "fill": "rgb(229, 229, 229)"
          },
          {
            "fill": "rgb(255, 255, 255)"
          },
          {
            "fill": "rgb(69, 75, 84)"
          },
          {
            "fill": "none",
            "stroke": "rgb(69, 75, 84)",
            "strokeLinejoin": "round",
            "strokeLinecap": "round",
            "strokeMiterlimit": "10",
            "strokeWidth": 48
          },
          {
            "fill": "none",
            "stroke": "rgb(69, 75, 84)",
            "strokeLinejoin": "round",
            "strokeLinecap": "round",
            "strokeMiterlimit": "10",
            "strokeWidth": 48
          },
          {
            "fill": "none",
            "stroke": "rgb(69, 75, 84)",
            "strokeLinejoin": "round",
            "strokeLinecap": "round",
            "strokeMiterlimit": "10",
            "strokeWidth": 48
          },
          {
            "fill": "none",
            "stroke": "rgb(69, 75, 84)",
            "strokeLinejoin": "round",
            "strokeLinecap": "round",
            "strokeMiterlimit": "10",
            "strokeWidth": 48
          },
          {
            "fill": "none",
            "stroke": "rgb(69, 75, 84)",
            "strokeLinejoin": "round",
            "strokeLinecap": "round",
            "strokeMiterlimit": "10",
            "strokeWidth": 48
          }
        ],
        "isMulticolor": true,
        "isMulticolor2": true,
        "grid": 0,
        "tags": [
          "result"
        ],
        "colorPermutations": {
          "181126212211595122922922912551937125522413012552552551571429516975841941921431": [
            {
              "f": 7
            },
            {
              "f": 8
            },
            {
              "f": 0
            },
            {
              "s": 0
            },
            {
              "s": 0
            },
            {
              "s": 0
            },
            {
              "s": 0
            },
            {
              "s": 0
            }
          ]
        }
      },
      "attrs": [
        {
          "fill": "rgb(229, 229, 229)"
        },
        {
          "fill": "rgb(255, 255, 255)"
        },
        {
          "fill": "rgb(69, 75, 84)"
        },
        {
          "fill": "none",
          "stroke": "rgb(69, 75, 84)",
          "strokeLinejoin": "round",
          "strokeLinecap": "round",
          "strokeMiterlimit": "10",
          "strokeWidth": 48
        },
        {
          "fill": "none",
          "stroke": "rgb(69, 75, 84)",
          "strokeLinejoin": "round",
          "strokeLinecap": "round",
          "strokeMiterlimit": "10",
          "strokeWidth": 48
        },
        {
          "fill": "none",
          "stroke": "rgb(69, 75, 84)",
          "strokeLinejoin": "round",
          "strokeLinecap": "round",
          "strokeMiterlimit": "10",
          "strokeWidth": 48
        },
        {
          "fill": "none",
          "stroke": "rgb(69, 75, 84)",
          "strokeLinejoin": "round",
          "strokeLinecap": "round",
          "strokeMiterlimit": "10",
          "strokeWidth": 48
        },
        {
          "fill": "none",
          "stroke": "rgb(69, 75, 84)",
          "strokeLinejoin": "round",
          "strokeLinecap": "round",
          "strokeMiterlimit": "10",
          "strokeWidth": 48
        }
      ],
      "properties": {
        "order": 15,
        "id": 6,
        "name": "result",
        "prevSize": 64,
        "code": 59649,
        "codes": [
          59649,
          59650,
          59651,
          59652,
          59653,
          59654,
          59655,
          59656
        ]
      },
      "setIdx": 0,
      "setId": 2,
      "iconIdx": 1
    },
    {
      "icon": {
        "paths": [
          "M512 41.12c-259.906 0-471.040 211.134-471.040 471.040s211.134 471.040 471.040 471.040c259.906 0 471.040-211.134 471.040-471.040s-211.134-471.040-471.040-471.040zM512 82.080c237.769 0 430.080 192.311 430.080 430.080 0 117.406-47.022 223.602-123.12 301.16-37.474-27.511-83.154-41.315-121.84-55.080-21.788-7.753-41.378-15.435-55.68-24-13.697-8.202-21.304-16.632-25.32-26.32-1.881-23.488-1.5-42.397-1.36-64.72 2.481-2.471 5.664-4.207 8.2-7.2 5.98-7.058 12.069-15.635 17.88-25.28 9.965-16.54 17.217-36.77 21.28-57.28 6.205-3.163 12.833-3.847 17.88-10.28 9.318-11.876 15.608-28.59 18.4-51.88 2.476-20.563-4.149-34.706-12.68-45.56 9.177-30 20.539-77.708 16.68-127.080-2.123-27.163-8.958-54.504-25.4-77.24-15.697-21.706-41.182-37.309-73.8-42.96-20.717-23.521-53.625-34.6-92.96-34.6h-0.36c-88.12 1.618-144.977 38.090-169.32 93.72-23.148 52.899-18.172 118.755-1.56 187.32-8.93 10.855-15.925 25.268-13.4 46.4 2.803 23.282 9.089 40.003 18.4 51.88 5.043 6.433 11.672 7.115 17.88 10.28 4.063 20.494 11.316 40.697 21.28 57.24 5.811 9.648 11.894 18.216 17.88 25.28 2.536 2.993 5.716 4.767 8.2 7.24 0.133 22.312 0.511 41.213-1.36 64.72-4.008 9.653-11.605 18.086-25.28 26.32-14.279 8.598-33.846 16.323-55.6 24.12-38.646 13.851-84.3 27.754-121.88 55.040-76.145-77.565-123.2-183.794-123.2-301.24 0-237.769 192.311-430.080 430.080-430.080zM510.4 204.84c37.768 0.039 61.53 11.221 68.040 22.64l5 8.76 9.96 1.36c25.727 3.575 40.101 13.558 50.4 27.8s16.015 34.118 17.76 56.44c3.49 44.644-9.29 97.363-17.4 121.76l-5.16 15.48 13.96 8.48c-1.42-0.865 6.564 3.861 4.76 18.84-2.185 18.223-6.841 27.505-9.96 31.48s-4.454 3.467-4.12 3.44l-16.88 1.4-1.8 16.84c-1.545 14.468-9.682 34.203-19.2 50-4.759 7.898-9.822 14.934-14.080 19.96s-8.793 8.139-7.080 7.24l-10.96 5.72v12.4c0 27.122-1.105 49.301 1.76 80.88l0.24 2.72 0.96 2.56c8.060 21.689 24.883 36.992 43.8 48.32s40.62 19.517 63 27.48c36.884 13.124 75.332 26.039 104.64 45.12-74.676 62.548-170.864 100.28-276.040 100.28-105.136 0-201.296-37.695-275.96-100.2 29.474-18.971 67.98-31.923 104.8-45.12 22.365-8.016 44.011-16.239 62.88-27.6s35.632-26.661 43.68-48.28l0.96-2.56 0.24-2.72c2.841-31.554 1.76-53.738 1.76-80.88v-12.4l-10.96-5.76c1.715 0.897-2.82-2.214-7.080-7.24s-9.321-12.019-14.080-19.92c-9.518-15.801-17.656-35.552-19.2-50l-1.8-16.84-16.88-1.4c0.316 0.027-1.005 0.534-4.12-3.44s-7.765-13.249-9.96-31.48c-1.79-14.982 6.283-19.765 4.76-18.84l13-7.88-3.8-14.76c-17.622-67.824-20.287-129.536-2.16-170.96 18.109-41.383 54.384-67.639 132.32-69.12z"
        ],
        "attrs": [
          {}
        ],
        "isMulticolor": false,
        "isMulticolor2": false,
        "grid": 0,
        "tags": [
          "user"
        ],
        "colorPermutations": {
          "181126212211595122922922912551937125522413012552552551571429516975841941921431": [
            {}
          ]
        }
      },
      "attrs": [
        {}
      ],
      "properties": {
        "order": 9,
        "id": 5,
        "name": "user",
        "prevSize": 64,
        "code": 59657
      },
      "setIdx": 0,
      "setId": 2,
      "iconIdx": 2
    },
    {
      "icon": {
        "paths": [
          "M512 40.96c-259.906 0-471.040 211.134-471.040 471.040s211.134 471.040 471.040 471.040c259.906 0 471.040-211.134 471.040-471.040s-211.134-471.040-471.040-471.040zM512 81.92c237.769 0 430.080 192.311 430.080 430.080s-192.311 430.080-430.080 430.080c-237.769 0-430.080-192.311-430.080-430.080s192.311-430.080 430.080-430.080zM512 225.28c-33.932 0-61.44 27.508-61.44 61.44v0c0 33.932 27.508 61.44 61.44 61.44v0c33.932 0 61.44-27.508 61.44-61.44v0c0-33.932-27.508-61.44-61.44-61.44v0zM430.080 430.080v40.96h40.96v266.24h-40.96v40.96h163.84v-40.96h-40.96v-307.2h-122.88z"
        ],
        "attrs": [
          {}
        ],
        "isMulticolor": false,
        "isMulticolor2": false,
        "grid": 0,
        "tags": [
          "credits"
        ],
        "colorPermutations": {
          "181126212211595122922922912551937125522413012552552551571429516975841941921431": [
            {}
          ]
        }
      },
      "attrs": [
        {}
      ],
      "properties": {
        "order": 10,
        "id": 4,
        "name": "credits",
        "prevSize": 64,
        "code": 59658
      },
      "setIdx": 0,
      "setId": 2,
      "iconIdx": 3
    },
    {
      "icon": {
        "paths": [
          "M506.16 40.96c-46.4 0.48-93.36 8-139.76 23.040-247.12 80.32-382.72 346.4-302.4 593.6 80.32 247.12 346.4 382.72 593.6 302.4 245.92-79.92 380.96-343.76 303.2-589.84-0.16-1.28-0.4-2.56-0.8-3.76-60.24-185.36-224.96-307.92-407.84-323.76-15.2-1.28-30.56-1.92-46-1.68zM403.2 96l88.88 55.36v170.32l-153.52 111.52c-0.4-0.24-0.8-0.32-1.28-0.48l-162.4-52.24-24.96-100.64c51.76-80.8 130.72-144.88 229.2-176.88 8-2.64 16-4.88 24.080-6.96zM620.72 96c103.040 26.96 194.4 91.76 253.36 183.76l-25.2 101.68-163.44 51.76-152.4-110.72v-171.76zM162.8 419.6l162 52.080c0.4 0.16 0.8 0.32 1.28 0.4l58.32 179.76-101.76 140.080-103.28-7.28c-33.040-40.32-59.36-87.2-76.4-139.76s-23.36-105.92-20.4-157.84zM862 420.16l79.44 66.88c6.48 109.2-29.52 215.2-97.040 297.6l-104.16 7.36-100.56-140.4 58.24-179.44zM417.6 675.84h189.040l100.8 140.72-38.96 96c-7.68 3.040-15.52 5.84-23.6 8.48-98.48 32-200 26.56-289.36-8.4l-39.36-97.2z"
        ],
        "attrs": [
          {}
        ],
        "isMulticolor": false,
        "isMulticolor2": false,
        "grid": 0,
        "tags": [
          "Credits"
        ],
        "colorPermutations": {
          "181126212211595122922922912551937125522413012552552551571429516975841941921431": [
            {}
          ]
        }
      },
      "attrs": [
        {}
      ],
      "properties": {
        "order": 11,
        "id": 3,
        "name": "ball",
        "prevSize": 64,
        "code": 59659
      },
      "setIdx": 0,
      "setId": 2,
      "iconIdx": 4
    },
    {
      "icon": {
        "paths": [
          "M928.253 845.992c55.938 0 102.044-44.929 102.044-99.438v-99.438h-612.264v99.438c0 18.774-14.749 33.146-34.015 33.146s-34.015-14.372-34.015-33.146v-596.63c0-11.653-2.525-22.659-6.378-33.146h482.583c19.266 0 34.015 14.372 34.015 33.146v464.046h68.029v-464.046c0-54.51-46.106-99.438-102.044-99.438l-578.249-0c-55.938 0-102.044 44.929-102.044 99.438l-0 99.438h136.059l-0 497.192c0 54.51 46.106 99.438 102.044 99.438zM928.253 779.7h-448.568c3.853-10.488 6.378-21.493 6.378-33.146v-33.146h476.205v33.146c0 18.774-14.749 33.146-34.015 33.146zM758.18 580.823v-66.292h-272.117v66.292zM758.18 448.238v-66.292h-272.117v66.292zM758.18 315.654v-66.292l-170.073-0v66.292zM281.975 183.069h-68.029l0-33.146c0-18.774 14.749-33.146 34.015-33.146s34.015 14.372 34.015 33.146z"
        ],
        "attrs": [
          {}
        ],
        "isMulticolor": false,
        "isMulticolor2": false,
        "grid": 0,
        "tags": [
          "rules"
        ],
        "colorPermutations": {
          "181126212211595122922922912551937125522413012552552551571429516975841941921431": [
            {}
          ]
        }
      },
      "attrs": [
        {}
      ],
      "properties": {
        "order": 12,
        "id": 2,
        "name": "rules",
        "prevSize": 64,
        "code": 59660
      },
      "setIdx": 0,
      "setId": 2,
      "iconIdx": 5
    },
    {
      "icon": {
        "paths": [
          "M533.333 832h85.333c0 0-20-86.667-20-150.667 0-47.75-1.333-318.667-1.333-318.667z",
          "M362.667 960l42.667-128h213.333l42.667 128c0 0 0 21.333-21.333 21.333s-234.667 0-256 0c-21.333 0-21.333-21.333-21.333-21.333z",
          "M725.333 256c0 117.833-95.5 213.333-213.333 213.333s-213.333-95.5-213.333-213.333c0-117.833 95.5-213.333 213.333-213.333s213.333 95.5 213.333 213.333z",
          "M469.333 832c0 0 149.333-405.333 213.333-405.333-42.667 106.667-64 320-128 405.333z",
          "M632.833 874.667l-14.167-42.667h-213.333l-14.167 42.667z",
          "M341.333 298.667c0-117.833 95.5-213.333 213.333-213.333 48 0 92.167 16.083 127.833 42.833-38.917-51.833-100.75-85.5-170.5-85.5-117.833 0-213.333 95.5-213.333 213.333 0 69.75 33.667 131.583 85.5 170.5-26.75-35.667-42.833-79.833-42.833-127.833z",
          "M277.333 320c0 0 106.667 128 128 213.333s21.333 128 0 298.667h128c0 0-28.5-507.75-97.333-473.333-36.417 31.583-94.667 46.667-158.667-38.667z",
          "M618.667 336c0-44.167-28.667-80-64-80s-64 35.833-64 80c0 44.167 28.667 80 64 80s64-35.833 64-80z",
          "M576 426.667c52.417 0 88.667-72.333 108.833-128.25l19.167-63.75c0 0-64 128-128 149.333-50.75 16.917-107.75-68.167-129.25-104.25 31.083 57.833 61.25 146.917 129.25 146.917z",
          "M386.667 265.75c-0.083-0.083-0.083-0.083-0.083-0.167 5.167 21.167 14.083 70.75-14 75.583-21.667 0.25-49.5-12.25-73.917-63.25l-21.167 42.333c0.417 0.417 4.583 5.5 11.333 14.083 58.333 67.75 110.833 54.5 145.167 25.917-20.917-46.167-41.083-83.167-47.333-94.5z",
          "M725.333 213.333c-11.833 0-21.333 9.5-21.333 21.333 0 0-42.667 192-128 192s-111.083-140.417-153.75-183.083c-3.917-5.25-9.833-8.917-16.917-8.917-11.833 0-21.333 9.5-21.333 21.333 0 1.917 0.583 3.667 1.083 5.5l-0.667 0.25c0 0 0.417 0.75 1.167 2.083 0.25 0.667 0.75 1.25 1.083 1.917 14.583 26.25 104 190.917 104 288.917 0 106.667-85.333 277.333-85.333 277.333h64c42.667-64 277.333-469.333 277.333-597.333 0-11.833-9.5-21.333-21.333-21.333z",
          "M618.667 330.667c0-29.417-19.083-53.333-42.667-53.333s-42.667 23.917-42.667 53.333c0 29.417 19.083 53.333 42.667 53.333s42.667-23.917 42.667-53.333z"
        ],
        "attrs": [
          {
            "fill": "rgb(181, 126, 2)"
          },
          {
            "fill": "rgb(94, 192, 143)"
          },
          {
            "fill": "rgb(221, 159, 5)"
          },
          {
            "fill": "rgb(221, 159, 5)"
          },
          {
            "fill": "rgb(57, 142, 95)"
          },
          {
            "fill": "rgb(255, 193, 7)"
          },
          {
            "fill": "rgb(255, 193, 7)"
          },
          {
            "fill": "rgb(181, 126, 2)"
          },
          {
            "fill": "rgb(181, 126, 2)"
          },
          {
            "fill": "rgb(181, 126, 2)"
          },
          {
            "fill": "rgb(255, 224, 130)"
          },
          {
            "fill": "rgb(255, 224, 130)"
          }
        ],
        "isMulticolor": true,
        "isMulticolor2": false,
        "grid": 0,
        "tags": [
          "trophy"
        ],
        "colorPermutations": {
          "181126212211595122922922912551937125522413012552552551571429516975841941921431": [
            {
              "f": 1
            },
            {
              "f": 5
            },
            {
              "f": 3
            },
            {
              "f": 3
            },
            {
              "f": 2
            },
            {
              "f": 4
            },
            {
              "f": 4
            },
            {
              "f": 1
            },
            {
              "f": 1
            },
            {
              "f": 1
            },
            {
              "f": 6
            },
            {
              "f": 6
            }
          ]
        }
      },
      "attrs": [
        {
          "fill": "rgb(181, 126, 2)"
        },
        {
          "fill": "rgb(94, 192, 143)"
        },
        {
          "fill": "rgb(221, 159, 5)"
        },
        {
          "fill": "rgb(221, 159, 5)"
        },
        {
          "fill": "rgb(57, 142, 95)"
        },
        {
          "fill": "rgb(255, 193, 7)"
        },
        {
          "fill": "rgb(255, 193, 7)"
        },
        {
          "fill": "rgb(181, 126, 2)"
        },
        {
          "fill": "rgb(181, 126, 2)"
        },
        {
          "fill": "rgb(181, 126, 2)"
        },
        {
          "fill": "rgb(255, 224, 130)"
        },
        {
          "fill": "rgb(255, 224, 130)"
        }
      ],
      "properties": {
        "order": 13,
        "id": 1,
        "name": "trophy",
        "prevSize": 64,
        "code": 59661,
        "codes": [
          59661,
          59662,
          59663,
          59664,
          59665,
          59666,
          59667,
          59668,
          59669,
          59670,
          59671,
          59672
        ]
      },
      "setIdx": 0,
      "setId": 2,
      "iconIdx": 6
    },
    {
      "icon": {
        "paths": [
          "M96 736v-160h64v320h-64v-160z",
          "M224 784v-112h64v224h-64v-112z",
          "M352 704v-192h64v384h-64v-192z",
          "M480 736v-160h64v320h-64v-160z",
          "M608 688v-208h64v416h-64v-208z",
          "M736 720v-176h64v352h-64v-176z",
          "M864 640v-256h64v512h-64v-256z",
          "M184.533 505.6c-42.667-32-77.867-61.867-77.867-66.133s9.6-19.2 20.267-33.067l20.267-25.6 42.667 33.067c23.467 19.2 46.933 34.133 53.333 34.133 5.333 0 35.2-38.4 66.133-85.333s60.8-85.333 66.133-85.333c5.333 0 33.067 11.733 61.867 26.667s56.533 26.667 60.8 26.667c5.333 0 37.333-36.267 71.467-80l62.933-80 38.4 28.8c21.333 16 50.133 37.333 62.933 48 25.6 18.133 25.6 18.133 78.933-44.8 28.8-35.2 56.533-64 59.733-64 4.267 0 19.2 9.6 33.067 20.267l25.6 19.2-77.867 97.067-77.867 98.133-38.4-28.8c-21.333-16-50.133-37.333-64-48l-24.533-19.2-58.667 72.533c-33.067 39.467-62.933 72.533-67.2 74.667-5.333 2.133-33.067-8.533-62.933-23.467s-56.533-27.733-58.667-27.733c-3.2 0-35.2 43.733-70.4 96-35.2 53.333-66.133 96-67.2 96s-37.333-26.667-78.933-59.733z"
        ],
        "attrs": [
          {},
          {},
          {},
          {},
          {},
          {},
          {},
          {}
        ],
        "isMulticolor": false,
        "isMulticolor2": false,
        "grid": 0,
        "tags": [
          "combo-chart"
        ],
        "colorPermutations": {
          "181126212211595122922922912551937125522413012552552551571429516975841941921431": [
            {},
            {},
            {},
            {},
            {},
            {},
            {},
            {}
          ]
        }
      },
      "attrs": [
        {},
        {},
        {},
        {},
        {},
        {},
        {},
        {}
      ],
      "properties": {
        "order": 18,
        "id": 0,
        "name": "chart",
        "prevSize": 64,
        "code": 127779
      },
      "setIdx": 0,
      "setId": 2,
      "iconIdx": 7
    }
  ],
  "height": 1024,
  "metadata": {
    "name": "Tournamentus"
  },
  "preferences": {
    "showGlyphs": true,
    "showQuickUse": true,
    "showQuickUse2": true,
    "showSVGs": true,
    "fontPref": {
      "prefix": "icon-",
      "metadata": {
        "fontFamily": "Tournamentus",
        "majorVersion": 1,
        "minorVersion": 0
      },
      "metrics": {
        "emSize": 1024,
        "baseline": 6.25,
        "whitespace": 50
      },
      "embed": false,
      "showSelector": false,
      "showMetrics": false,
      "cssVars": false,
      "cssVarsFormat": "scss",
      "showMetadata": false,
      "showVersion": false
    },
    "imagePref": {
      "prefix": "icon-",
      "png": true,
      "useClassSelector": true,
      "color": 0,
      "bgColor": 16777215,
      "classSelector": ".icon",
      "name": "icomoon"
    },
    "historySize": 50,
    "showCodes": true,
    "gridSize": 16,
    "showLiga": true
  }
}